fa=0,fa=0.3,fa=0.5,fa=0.7,fa=1.0
88.5441112559757,83.8896132116471,78.3833116036506,69.1090830073881,58.7700999565406
86.9317687961756,83.2029552368535,80.6301607996523,73.6071273359409,58.096479791395
85.2672750977836,80.225988700565,81.5384615384615,75.1629726205997,57.4185136897001
83.9504563233377,83.0160799652325,77.8400695349848,76.4015645371578,57.6097348978705
67.7661886136462,66.2885701868753,62.0686657974794,61.1734028683181,60.1434159061278
