fa=0,fa=0.3,fa=0.5,fa=0.7,fa=1
91,83.6666666666667,72.6666666666667,58,48.6666666666667
90.3333333333333,85.3333333333333,77.3333333333333,61,50.6666666666667
89,86.6666666666667,81,66.6666666666667,50.6666666666667
84.3333333333333,84,81,71.6666666666667,50
67,67,67,66,49.3333333333333
